问题发现主R,是否其他,是否安全,是否质量把控QA,质量把控QA_打标理由,问题分类,安全_打标理由,开发_打标理由,数据_打标理由,是否运维,是否运营,问题标题,项目名称,项目编号,归属组织,是否开发,是否成本,是否数据,问题发现编号,问题描述及根因,其他_打标理由,归属部门,成本_打标理由,运维_打标理由,运营_打标理由
尚萍萍/shangpingping,0,0,0,,流程执行,,上游任务改造时遗漏设置最晚运行时间，以及DSP写入任务设置的运行时间过早，属于系统代码开发与任务调度配置层面的缺陷。,,0,0,任务间的运行时间设置不适配，导致部分黑名单数据传输失败，应拦截的风险设备/ip未拦截，出现了风险曝光。,用增专项审计,2024-IA-040,/美团内审/运营审计一组,1,1,0,2024-IA-040-012,"风控识别风险设备及IP后会生成黑名单离线数据，之后投放算法组会将黑名单离线数据写入KV系统，用于后续风险投放请求的拦截。审计发现，RTA和DSP渠道均存在部分黑名单设备、ip的请求未被有效拦截的情况。经排查，原因如下： 1）上游任务改造时遗漏设置最晚运行时间，部分日期的上游任务晚于下游任务运行，数据传输失败。RTA算法侧每天18点将黑名单离线数据写入KV系统，用于风险请求的拦截（有效期3天）。上游RTA黑名单生成任务最初设置了最晚17点运行，但2024年7月改造时，遗漏设置最晚运行时间，导致其可能受系统资源竞争等影响运行延迟，晚于18点完成，下游写入任务将读取不到数据，无法实现拦截。 2025年1月1日至6月16日期间，有27天出现了该情况，其中日志可查的3天产生1,263万次风险曝光；按异常占比估算，27天涉及1.01亿次风险曝光，约101万元。 2） DSP写入任务设置的运行时间过早，上游数据一旦延迟，将无法获取到数据。dsp黑名单写入任务部署在开发机上，每日16点基于黑名单离线数据导入KV系统，用于后续广告请求的过滤（有效期30天）。但部分日期由于上游风控黑名单设备表数据延迟，写入任务运行时读取不到数据，进而无法拦截后续风险请求。（该任务21年部署，因人员离职变动，设置原因无法追溯。） 2025年1月1日-7月10日期间，有65天的黑名单设备数据生成时间晚于16点。涉及应拦截未拦截的广告请求曝光1.54亿次，计费金额233万元。",,内审,未能有效拦截风险请求导致风险曝光，涉及无效广告计费金额约101万元和233万元，属于直接的资金浪费。,,
韩甜甜/hantiantian02,0,1,0,,业务策略,涉及黑产作弊设备利用策略漏洞进行欺诈牟利，属于深层业务逻辑漏洞和反欺诈安全范畴。,,,0,0,"设备风控策略缺少阶梯处罚，存在作弊设备通过""封禁-释放-再违规""循环规避处罚。",用增专项审计,2024-IA-040,/美团内审/运营审计一组,0,1,0,2024-IA-040-011,"风控会每天识别投放中虚假作弊设备加入当日黑名单，对于黑名单内的设备会在RTA渠道统一封禁3天或DSP渠道封禁30天不投放广告，避免浪费投放费用。但目前的封禁机制未区分首次与多次重复违规的风险差异，导致作弊设备能够通过""封禁-释放-再次违规""的循环模式规避风控，在解封释放期间产生无效广告曝光，造成不必要的广告费用。 举例： uuid: 00000000000007FB0FBBBCFC74D708E207DFF738299AFA171738465256141603，此设备挂载了16个账号（user_id）。在2025年1月1日至2025年5月25日（共145天）期间，该设备累计被风控识别为黑名单94天（风控覆盖率达64.8%），期间经历了6次""拦截-解封""循环，截至2025年5月25日，该设备仍处于活跃状态。 16个账号，其中14个账号对应14个不同手机号（其余2个账号未查询到手机号信息）。目前这些账号中，1个账号已注销，15个账号保持正常状态。 在25年1-5月内，RTA渠道和DSP渠道分别有699万个及504万个设备因为违规被封禁20次以上，但在解封放出期间累计产生了1.01亿次和0.19亿次无效曝光，按每次曝光0.01元估算，影响金额约为120万元。且这些违规设备经常出现单设备关联多账号，1年内无成单或只有零散成单，属于黑产设备的风险较高。",,内审,作弊设备在解封释放期间产生无效广告曝光，造成了业务成本的直接损失，影响金额约120万元。,,
韩甜甜/hantiantian02,0,0,0,,业务策略,,风控策略对IP格式限制未同步更新导致IPv6误判，且异常识别策略未覆盖iOS设备和无uuid设备，属于系统算法和代码层面的缺陷。,,0,0,投前风控策略覆盖场景不完整，未拦截到部分风险IP地址、部分ios和未激活/未打开过app的风险设备。,用增专项审计,2024-IA-040,/美团内审/运营审计一组,1,1,0,2024-IA-040-010,"目前投前风控策略主要包括风险设备、IP、广告位维度的识别和拦截机制，但在部分策略覆盖场景不完整，产生了风险曝光。具体如下： 1）IP地址风控策略，未随着技术革新及时调整格式限制 ，导致风险IPv6地址未被有效拦截。现有IP地址风控策略默认流量IP地址文本字符串长度不超过18位。2024年后 IPv6 地址广泛使用，其字符串长度通常超过18位，而风控策略对IP格式限制未同步更新，导致命中策略的风险 IPv6 地址因被误判为 “无效格式” 剔除，未能有效拦截。2025年2月至5月90天内，系统共识别222.9万个风险IP，其中82.1万个（占比36.8%）IPv6地址因长度超标未能有效拦截，累计产生5,166.8万次风险曝光，按每次曝光0.01元估算，潜在风险损失约51.6万元。 2） 异常高频点击/曝光设备的风控识别策略仅对安卓设备生效，未覆盖ios设备。分析发现2025年5月1日至6月11日期间，部分ios设备存在短期内高频点击或曝光的异常现象，有作弊风险的ios设备日均7,428个，日均曝光23万次。按每次曝光0.01元估算，期间潜在风险损失约9.6万元。 3）未激活或未打开过app的风险设备（无uuid）因黑名单传输拦截条件限制被漏放。当前风控识别的RTA黑名单设备，传输拦截机制仅对具备有效UUID的设备生效，导致无uuid的设备虽命中黑名单但未进行拦截。2025年4月30日至7月20日（82天），共计6,602个黑名单设备仍持续产生异常流量（T+2），总计曝光4,224万次（占比0.05%），主要影响投放效率。",,内审,策略覆盖不完整导致产生了风险曝光，带来直接的无效成本消耗，潜在风险损失约51.6万元和9.6万元。,,
沈诗韵/shenshiyun,0,0,0,,制度流程设计,,,,0,1,部分投放项目作弊核减规则和流程不完善，或未接入风控规则，导致存在风险数据无法识别或未执行核减。,用增专项审计,2024-IA-040,/美团内审/运营审计一组,0,1,0,2024-IA-040-009,为了减少无效成本支出，督促渠道改进流量质量，风控侧会综合站内站外数据表现识别作弊流量，业务侧会基于《渠道核减优化方案V7》对严重作弊的渠道方进行结算扣减。测试发现： 媒体直投渠道下，唤起类及业务线项目（包含新链路 、中低线、短视频、闪购等）缺少具体核减标准和流程，未进行作弊核减。如果执行核减，24年11月-25年5月期间已识别的风险设备与会话估算，应核减15万元； DSP渠道下，业务线项目（除游戏外，其他业务如外卖、闪购、酒店、小说等）均缺少作弊核减规则和流程。如果执行核减，24年11月-25年5月期间已识别的风险设备与会话估算，应核减38万元； 歪马 （小程序）、内容营销（达人投流）等项目均未接入风控策略，难以准确识别风险流量，并进行后续作弊流量评估和扣减。分析25年5月-6月的歪马（小程序）投放数据，存在命中RTA黑名单设备的风险曝光，涉及投放费用2.5万元/月。,,内审,未执行作弊核减导致应核减的金额（15万、38万）及无效投放费用（2.5万/月）未能挽回，造成成本流失。,,渠道缺少具体核减标准和流程，未进行作弊核减，属于业务线日常规则制定和人工管理流程的不完善。
石宝红/shibaohong,0,1,0,,系统化-权限,冗余权限未及时回收，非核心员工拥有敏感数据查询权限，存在明确的数据泄露安全风险。,,,0,1,部分转岗员工的敏感数据表权限未及时回收，存在信息泄露风险。,用增专项审计,2024-IA-040,/美团内审/运营审计一组,0,0,0,2024-IA-040-008,内审抽查了部分用增的敏感数据表的权限管理情况，发现存在530个冗余权限，涉及30名非核心本地商业的员工，可以查询包含预算、出价、计费等信息，部门包括光年之外、研发部（研发wow项目组）、到家履约平台（经营规划部）、基础研发平台（计算和智能平台部、数据平台部、研发质量与效率部）、酒店旅行（交通业务部）、美团平台（平台产品部）、业务研发平台（酒店旅行技术部、搜索和推荐平台部）。经渠道策略组及渠道数据组确认，该部分员工不应该获取商增数据表权限，由于组织架构变化未及时清理；这些员工在转岗后未发现有查询/下载数据的行为。,,内审,,,组织架构变化后，人员权限未及时清理，属于人工管理流程和日常运营机制上的疏漏。
石宝红/shibaohong,0,0,0,,系统化-功能,,系统订单归因逻辑在设计时存在缺陷，未校验下单设备与归因渠道设备的一致性。,归因逻辑错误导致了大量的订单数据关联错乱，属于数据质量和同步关联错误问题。,0,0,归因配置时未考虑单日内多个设备登录同一账号的场景没有校验设备的一致性，导致部分订单的归因错位。,用增专项审计,2024-IA-040,/美团内审/运营审计一组,1,0,1,2024-IA-040-007,"对于在外投营销页面下单的场景，订单归因时会找到下单的用户（userid）在下单当日的团app首唤（如对应多个设备可能带来多次首唤），然后直接将订单归给带来团app首唤（末次）的渠道，未校验下单设备是否与归因渠道带来的设备是否一致。一旦当日有多个设备登录过同一个账号就可能出现归因错位。 2025年1月-6月期间，新链路、游戏、小说、视频四个项目中共有168,975笔订单归因错位（日均单量约为939笔），其中同项目不同渠道10,293个，涉及周末大促-投放项目；项目间158,682个，主要涉及周末大促-投放、美团小游戏-小美果园-101等。",,内审,,,
莫雪健/moxuejian，石宝红/shibaohong,0,0,0,,流程执行,,系统层面上缺少细颗粒度（参数维度）的自动化投放效果监控机制。,,0,1,缺少广告参数维度的投放效果监控机制，导致部分广告参数连续多天超成本无法及时识别处置。,用增专项审计,2024-IA-040,/美团内审/运营审计一组,1,1,0,2024-IA-040-006,"由于缺乏参数维度的投放效果监控机制，且广告参数数量众多，人工难以逐一检查投放效果，投放人员主要进行渠道和账户维度的调优以达成目标。从新链路和外卖沉流项目的抽查情况来看，存在部分投放参数持续超成本投放14天以上的情况未被及时识别处置，集中在代投部分，具体如下： 1）新链路项目，通过分析2025年1月1日至2025年6月22日期间投放效果，发现部分以DAU为目标出价的投放参数连续超成本（目标成本0.16元）投放情况：媒体直投渠道存在735个参数（期间参数总计96万个，占比0.08%）连续14天每天有效DAU成本均高于0.2元，且期间ROI低于0.5，这些参数从第15个投放日开始累计消耗69.5万元，其中代投消耗58.2万元，占84%。 2）外卖沉流项目通过分析2025年2月1日至2025年6月30日期间投放效果，发现部分投放参数连续14天以上超出成本红线（各子项目业务红线不同，但整体不超过20元/增量的目标用户）的投放情况：媒体直投渠道存在172个参数（期间有消耗的参数共计52,603个，占比0.33%）连续14天以上每天CAC超过20元/增量沉流（或预沉流）用户，该部分参数第15个投放日开始累计消耗208万元，其中代投消耗204.57万元，占98%。",,内审,超成本投放未能及时止损，导致累计消耗（69.5万元和208万元）直接成为了业务成本损失。,,广告参数数量庞大且完全依赖人工检查调优，暴露了业务日常运营监控机制的短板。
莫雪健/moxuejian,0,0,0,,制度流程设计,,在系统计费规则层面，我司接收腾讯、字节的数据后缺乏自身的二次去重逻辑，属于系统代码缺陷。,,0,0,部分DSP渠道计费规则有漏洞，导致多出账单。,用增专项审计,2024-IA-040,/美团内审/运营审计一组,1,1,0,2024-IA-040-005,DSP渠道计费时，大部分媒体是由我司对重复曝光做去重计费处理，而腾讯、字节跳动由媒体做去重只给我司上报去重后的计费数据，我司直接使用不再额外去重。经分析，腾讯和字节上报的计费数据均存在同请求30分钟内多次曝光被重复计费的情况，2025年5月至6月期间内，若按30分钟内同请求的多次曝光只计费金额最高一条，可少支付约25万元，集中在腾讯，占所有异常89.8%。截止审计时间点，这些费用尚未结算，无法评估是否影响实际结算。 检查历史已结算月份，2024年1月至2025年4月期间重复计费较少，若去重可减少约11.7万元。对比实际结算数据，大部分月份腾讯账单小于我司账单金额，按合同约定对账原则5%内差异以腾讯数据为准，累计结算金额小于我司账单15w，理论上未实际多支出费用。,,内审,重复计费漏洞导致了潜在的多出账单及结算费用支出（如25万元和11.7万元的风险敞口）。,,
